{"cameraMode":{"drawMode":0,"name":"Shaded","section":"Shading Mode"},"sceneLighting":true,"audioPlay":false,"sceneViewState":{"showFog":true,"showMaterialUpdate":false,"showSkybox":true,"showFlares":true,"showImageEffects":true,"showParticleSystems":true},"in2DMode":false,"pivot":{"x":20.865299224853517,"y":-7.489100456237793,"z":11.338146209716797},"rotation":{"x":-0.14915895462036134,"y":-0.6842311024665833,"z":0.14606034755706788,"w":-0.6987459063529968},"size":103.44921112060547,"orthographic":false}